id,username,group,first_login,last_visit,phase_completed,reminder_sent,age,gender,education,newsinterest,eval_diversity,eval_personalization,sum_logins,sum_ratings,sum_invites,sum_stories,eval_game,eval_nudge,eval_future,sum_shares,polinterest,polefficacy1,polefficacy2,date
36,qkdneg,1,2023-11-24 13:32:35,2023-12-01 09:35:42,255,0,62,man,5,2,-2.0,1.0,22.0,48.0,,53.0,-2.0,1.0,-2.0,,2,2,2,7
38,gzevqr,0,2023-11-24 13:39:34,2023-12-05 06:58:04,255,0,27,man,5,2,2.0,1.0,20.0,60.0,,60.0,0.0,1.0,0.0,,2,3,2,7
39,nmxcvs,1,2023-11-24 13:42:14,2023-11-30 08:43:01,255,0,67,man,4,2,2.0,1.0,16.0,55.0,,55.0,2.0,1.0,0.0,,1,1,0,7
44,mgugvm,1,2023-11-24 14:20:57,2023-11-27 10:40:27,1,0,53,vrouw,3,0,,,8.0,22.0,,22.0,,,,,-3,0,-3,3
45,vtihmn,0,2023-11-24 14:23:17,2023-12-20 11:43:15,255,0,25,man,4,3,2.0,1.0,6.0,64.0,,53.0,-2.0,0.0,-1.0,,2,2,1,8
47,zmkoql,1,2023-11-24 14:27:44,2023-12-07 01:06:24,255,0,24,vrouw,4,2,1.0,1.0,24.0,46.0,,15.0,1.0,0.0,2.0,,2,2,2,1
48,heyhqe,1,2023-11-24 14:29:57,2023-12-05 00:25:42,255,0,46,man,4,2,2.0,2.0,22.0,50.0,,15.0,0.0,0.0,2.0,,2,1,1,1
49,cxegta,0,2023-11-24 14:32:07,2023-12-08 01:37:47,255,0,46,man,3,3,1.0,0.0,32.0,38.0,,15.0,2.0,0.0,1.0,,1,1,3,1
51,gywpja,1,2023-11-24 14:38:28,2023-12-04 00:13:30,255,0,42,vrouw,3,3,-1.0,2.0,26.0,50.0,,30.0,1.0,1.0,2.0,,3,1,0,2
52,cikawf,1,2023-11-24 14:40:21,2023-12-06 01:01:11,255,0,24,man,4,1,1.0,3.0,22.0,48.0,,20.0,1.0,0.0,0.0,,3,3,0,2
53,nxakyl,0,2023-11-24 14:41:31,2023-12-05 00:30:41,255,0,56,man,3,2,-1.0,1.0,20.0,52.0,,15.0,3.0,1.0,1.0,,2,3,1,1
54,krexah,0,2023-11-24 14:42:29,2023-12-06 01:15:15,255,0,35,vrouw,3,3,2.0,2.0,20.0,50.0,,43.0,1.0,0.0,1.0,,3,3,3,3
56,lfsxjd,1,2023-11-24 15:03:14,2023-12-06 01:51:11,255,0,33,man,3,2,1.0,1.0,22.0,48.0,,29.0,2.0,1.0,2.0,,1,1,0,3
57,poakzt,0,2023-11-24 15:04:15,2023-12-08 20:57:24,255,0,48,vrouw,4,2,2.0,2.0,30.0,40.0,,15.0,2.0,1.0,2.0,,2,2,1,1
58,sjqevt,0,2023-11-24 15:49:32,2023-12-08 01:35:54,255,0,25,vrouw,3,2,2.0,0.0,30.0,41.0,,17.0,0.0,1.0,1.0,,1,2,2,2
59,fujjuv,1,2023-11-24 15:50:25,2023-12-07 01:08:13,255,0,34,man,2,2,0.0,1.0,24.0,46.0,,15.0,1.0,0.0,0.0,,2,2,-1,1
60,vplnek,1,2023-11-24 16:18:50,2023-11-25 13:43:49,1,0,52,vrouw,5,2,,,4.0,14.0,,16.0,,,,,2,2,0,2
63,veicpq,1,2023-11-24 16:22:26,2023-11-26 12:38:56,1,0,20,vrouw,3,2,,,6.0,8.0,,8.0,,,,0.0,1,1,0,2
64,iuxeei,1,2023-11-24 16:22:27,2023-11-30 05:26:51,255,0,40,man,2,2,-2.0,-1.0,22.0,82.0,,77.0,-1.0,1.0,-1.0,2.0,2,2,1,7
66,wpjbdp,0,2023-11-24 16:22:33,2023-12-07 18:28:25,1,0,73,man,4,3,,,12.0,100.0,,75.0,,,,,2,2,2,5
67,lnelpr,1,2023-11-24 16:22:33,2023-11-24 16:22:33,1,0,29,vrouw,4,0,,,2.0,1.0,,1.0,,,,,1,1,0,1
69,wvofmv,0,2023-11-24 16:23:24,2023-11-28 20:20:32,1,0,49,man,3,3,,,8.0,40.0,,46.0,,,,12.0,2,2,0,4
70,oiacim,0,2023-11-24 16:23:34,2023-11-29 17:20:13,1,0,54,man,3,2,,,8.0,28.0,,28.0,,,,,3,3,2,4
71,jldige,1,2023-11-24 16:23:48,2023-12-04 18:01:40,255,0,67,man,4,3,1.0,2.0,22.0,64.0,,68.0,2.0,1.0,3.0,6.0,3,3,3,10
72,fodbts,1,2023-11-24 16:24:22,2023-11-26 16:12:14,1,0,50,man,5,3,,,8.0,29.0,,29.0,,,,,3,3,-1,3
73,gbpvgw,0,2023-11-24 16:24:31,2023-12-01 19:59:38,255,0,57,vrouw,4,2,-1.0,0.0,20.0,51.0,,56.0,0.0,1.0,-2.0,,2,2,0,8
75,hnsbdl,1,2023-11-24 16:25:43,2023-11-25 08:46:50,1,0,21,vrouw,4,3,,,4.0,5.0,,6.0,,,,,3,2,2,2
77,ajvbvw,0,2023-11-24 16:26:13,2023-12-11 12:02:06,1,0,47,vrouw,4,3,,,16.0,31.0,,37.0,,,,,2,3,1,8
78,wruxef,0,2023-11-24 16:26:53,2023-11-26 18:34:42,1,0,52,man,1,2,,,4.0,46.0,,46.0,,,,3.0,2,2,0,7
79,obptcf,1,2023-11-24 16:27:24,2023-12-04 10:40:45,255,0,62,vrouw,4,3,-1.0,2.0,8.0,97.0,,98.0,0.0,1.0,0.0,1.0,3,2,-2,9
80,uifdas,1,2023-11-24 16:27:38,2023-11-30 11:51:57,255,0,35,vrouw,5,3,2.0,1.0,20.0,64.0,,57.0,1.0,1.0,1.0,5.0,3,3,1,7
81,nkkxhr,0,2023-11-24 16:27:43,2023-12-09 09:21:28,1,0,37,man,3,2,,,22.0,35.0,,43.0,,,,4.0,2,2,0,11
83,gxrsmj,1,2023-11-24 16:28:08,2023-11-24 22:18:04,1,0,41,man,4,2,,,4.0,4.0,,4.0,,,,,2,2,0,1
84,hlgyyx,1,2023-11-24 16:28:59,2023-12-04 18:39:49,255,0,34,vrouw,5,1,-1.0,0.0,24.0,47.0,,60.0,1.0,0.0,1.0,1.0,1,2,-1,10
86,rcmdgt,0,2023-11-24 16:31:03,2023-11-30 11:06:34,255,0,39,vrouw,4,3,3.0,1.0,20.0,56.0,,57.0,-2.0,1.0,-1.0,2.0,3,3,3,6
88,uaqdvr,1,2023-11-24 16:31:22,2023-11-24 16:34:22,1,0,55,man,0,3,,,2.0,10.0,,10.0,,,,,3,2,-3,1
89,xnumcy,0,2023-11-24 16:32:21,2023-12-04 09:17:14,255,0,61,vrouw,4,3,1.0,1.0,14.0,62.0,,62.0,0.0,1.0,-2.0,,3,3,0,8
90,mpmrve,0,2023-11-24 16:32:50,2023-12-03 12:34:24,255,0,37,vrouw,5,2,3.0,1.0,16.0,54.0,,56.0,-1.0,1.0,1.0,0.0,1,1,2,8
92,lhconx,1,2023-11-24 16:33:07,2023-11-28 13:13:24,1,0,66,vrouw,2,2,,,4.0,14.0,,18.0,,,,1.0,1,1,-3,2
95,efocwy,1,2023-11-24 16:34:19,2023-12-01 14:26:08,255,0,25,man,4,3,3.0,2.0,16.0,54.0,,55.0,0.0,1.0,2.0,0.0,3,2,0,7
97,xeddgy,0,2023-11-24 16:34:28,2023-12-04 03:41:16,1,0,42,vrouw,4,3,,,14.0,25.0,,32.0,,,,0.0,2,2,2,9
98,yvknjg,0,2023-11-24 16:34:51,2023-11-24 16:34:51,1,0,47,man,2,2,,,2.0,2.0,,2.0,,,,1.0,1,1,1,1
99,dwzgiy,1,2023-11-24 16:35:04,2023-11-24 16:35:04,1,0,55,vrouw,4,3,,,2.0,9.0,,10.0,,,,,3,3,1,1
100,srhmmy,1,2023-11-24 16:35:20,2023-11-30 17:06:20,255,0,40,vrouw,4,-1,1.0,0.0,16.0,84.0,,79.0,1.0,1.0,-1.0,,-2,0,0,7
101,gkjqza,0,2023-11-24 16:35:21,2023-11-27 16:27:12,1,0,51,man,3,3,,,6.0,34.0,,33.0,,,,,3,2,0,3
102,fxwruv,0,2023-11-24 16:35:21,2023-12-01 17:22:29,1,0,74,man,4,3,,,10.0,91.0,,76.0,,,,,2,3,1,7
104,msaazx,1,2023-11-24 16:35:46,2023-11-29 06:34:43,1,0,47,vrouw,4,3,,,12.0,20.0,,20.0,,,,2.0,3,2,2,6
106,lxegrq,0,2023-11-24 16:37:44,2023-12-08 17:12:11,255,0,77,man,2,3,3.0,2.0,12.0,79.0,,82.0,-3.0,0.0,2.0,,2,1,-1,7
108,gaiovm,1,2023-11-24 16:39:04,2023-12-02 09:32:17,255,0,50,man,4,2,0.0,-1.0,10.0,145.0,,124.0,1.0,1.0,-2.0,1.0,1,2,1,10
109,zivdcf,1,2023-11-24 16:39:46,2023-11-28 16:23:26,1,0,65,man,5,3,,,4.0,12.0,,13.0,,,,,2,2,2,2
110,rsqbik,0,2023-11-24 16:40:35,2023-12-01 12:26:10,255,0,64,man,2,2,-1.0,-2.0,22.0,51.0,,51.0,1.0,1.0,-1.0,,2,1,0,9
112,odbwei,1,2023-11-24 16:43:41,2023-12-23 15:49:19,255,0,78,vrouw,4,2,-1.0,-2.0,18.0,52.0,,55.0,0.0,0.0,-2.0,,2,2,2,10
113,zbgebv,1,2023-11-24 16:43:52,2023-11-24 16:55:00,1,0,71,man,4,3,,,2.0,27.0,,27.0,,,,,3,2,3,2
114,yhpdvt,0,2023-11-24 16:45:00,2023-11-25 09:58:23,1,0,42,vrouw,4,3,,,4.0,5.0,,6.0,,,,,3,2,2,2
118,yjaays,0,2023-11-24 16:49:21,2023-11-27 12:09:15,1,0,63,vrouw,2,3,,,4.0,30.0,,20.0,,,,,3,0,1,2
119,rfcura,0,2023-11-24 16:50:08,2023-12-01 20:04:42,255,0,42,man,4,2,0.0,-1.0,16.0,64.0,,32.0,-3.0,1.0,-3.0,11.0,1,1,1,3
120,dppgkf,1,2023-11-24 16:50:18,2023-12-03 21:45:57,255,0,31,man,4,-1,-1.0,0.0,14.0,62.0,,47.0,-1.0,1.0,1.0,0.0,-1,0,1,5
121,vndcce,1,2023-11-24 16:50:44,2023-12-01 05:24:07,255,0,38,vrouw,4,3,-2.0,1.0,16.0,75.0,,76.0,-1.0,0.0,-1.0,,2,2,2,7
122,ofmvpo,0,2023-11-24 16:51:20,2023-11-24 16:51:20,1,0,49,man,3,3,,,2.0,14.0,,15.0,,,,0.0,3,3,1,1
124,twburb,1,2023-11-24 16:55:55,2023-12-06 07:40:37,255,0,40,man,4,2,-1.0,2.0,16.0,61.0,,46.0,1.0,1.0,2.0,21.0,2,2,1,5
125,fwuhah,1,2023-11-24 16:56:09,2023-12-01 15:19:14,255,0,32,vrouw,4,3,0.0,1.0,18.0,58.0,,59.0,-3.0,0.0,2.0,,3,2,2,8
126,kciiso,0,2023-11-24 16:57:03,2023-12-04 12:57:50,255,0,32,vrouw,5,2,2.0,-1.0,16.0,65.0,,69.0,-1.0,1.0,-2.0,,1,-2,2,10
127,rqggnv,0,2023-11-24 16:57:05,2023-11-27 02:45:31,1,0,64,man,0,1,,,4.0,3.0,,3.0,,,,,1,1,-1,2
129,zeanmx,1,2023-11-24 16:57:45,2023-11-25 15:34:27,1,0,40,vrouw,5,2,,,4.0,10.0,,10.0,,,,,1,1,-3,2
130,eapxta,0,2023-11-24 16:59:41,2023-12-06 12:02:07,1,0,74,man,5,3,,,4.0,5.0,,11.0,,,,2.0,3,3,-3,6
131,xmtftg,0,2023-11-24 17:00:10,2023-12-04 08:42:32,255,0,54,vrouw,2,3,2.0,1.0,18.0,68.0,,71.0,2.0,1.0,3.0,1.0,2,1,0,10
132,ybipxv,1,2023-11-24 17:00:30,2023-11-25 07:33:44,1,0,53,vrouw,3,2,,,4.0,9.0,,9.0,,,,,2,2,2,1
136,cauvvr,1,2023-11-24 17:12:49,2023-12-02 19:03:51,255,0,24,vrouw,4,2,2.0,2.0,14.0,60.0,,50.0,2.0,0.0,0.0,33.0,1,1,1,7
137,xoaiso,1,2023-11-24 17:17:43,2023-11-24 17:20:50,1,0,52,man,1,3,,,2.0,15.0,,15.0,,,,,2,2,1,1
138,rrismh,0,2023-11-24 17:18:09,2023-11-24 17:28:06,1,0,73,man,4,3,,,2.0,4.0,,4.0,,,,,3,3,3,1
140,grrhlh,1,2023-11-24 17:20:49,2023-11-24 18:24:59,1,0,64,man,3,2,,,2.0,39.0,,15.0,,,,,0,0,-1,1
144,cildko,1,2023-11-24 17:25:30,2023-11-24 17:25:30,1,0,76,man,3,3,,,2.0,1.0,,1.0,,,,,3,2,1,1
145,ocurac,1,2023-11-24 17:30:01,2023-12-02 07:00:39,255,0,37,vrouw,5,3,0.0,2.0,20.0,50.0,,49.0,-3.0,1.0,2.0,1.0,2,3,0,7
147,lihmqp,0,2023-11-24 17:30:50,2023-12-03 10:16:29,255,0,53,vrouw,3,1,2.0,1.0,14.0,115.0,,100.0,-3.0,0.0,1.0,1.0,0,-1,0,8
151,gllznp,0,2023-11-24 17:43:15,2023-11-24 17:43:15,1,0,64,man,2,3,,,2.0,5.0,,6.0,,,,,3,1,1,1
152,lmzovm,1,2023-11-24 17:44:10,2023-12-06 05:06:25,1,0,53,vrouw,3,2,,,12.0,16.0,,17.0,,,,,2,1,0,11
153,wwsxnv,1,2023-11-24 17:44:54,2023-11-25 18:09:44,1,0,44,man,5,1,,,2.0,6.0,,6.0,,,,,1,1,1,2
154,pnvogs,0,2023-11-24 17:45:56,2023-12-02 08:42:36,255,0,54,vrouw,2,2,2.0,2.0,14.0,60.0,,61.0,3.0,0.0,2.0,,-3,0,0,7
155,rfdbxf,0,2023-11-24 17:47:12,2023-11-25 07:12:34,1,0,41,man,4,3,,,4.0,3.0,,3.0,,,,,1,2,1,2
156,mseqqh,1,2023-11-24 17:48:55,2023-11-24 22:49:09,255,0,43,vrouw,4,1,-1.0,0.0,4.0,66.0,,48.0,-2.0,1.0,-3.0,0.0,1,0,0,8
157,pduomr,1,2023-11-24 17:50:23,2023-11-25 08:40:37,1,0,50,vrouw,3,3,,,4.0,66.0,,30.0,,,,,2,2,1,2
158,widrxo,0,2023-11-24 17:51:10,2023-12-03 17:32:34,255,0,66,vrouw,4,3,1.0,1.0,26.0,77.0,,74.0,-3.0,0.0,2.0,,2,3,0,7
159,zhllwy,0,2023-11-24 17:53:51,2023-12-02 06:05:17,255,0,39,vrouw,3,2,3.0,2.0,14.0,136.0,,128.0,0.0,0.0,1.0,1.0,2,2,2,9
160,ffmtgy,1,2023-11-24 17:54:02,2023-12-04 06:48:29,1,0,39,man,1,1,,,10.0,21.0,,24.0,,,,1.0,1,2,1,8
161,ainsxk,1,2023-11-24 17:54:42,2023-11-30 08:55:21,255,0,43,vrouw,5,1,-3.0,-2.0,24.0,46.0,,48.0,0.0,1.0,-3.0,,1,1,0,7
162,hfgnyd,0,2023-11-24 17:55:50,2023-12-02 11:45:18,255,0,35,man,4,2,2.0,-1.0,14.0,71.0,,46.0,-1.0,1.0,-1.0,,1,1,1,5
163,tlyljn,0,2023-11-24 17:57:28,2023-11-26 09:38:20,1,0,61,vrouw,4,3,,,4.0,13.0,,14.0,,,,0.0,2,2,0,2
168,sikdmx,1,2023-11-24 18:05:20,2023-11-27 12:41:07,1,0,61,man,3,3,,,6.0,11.0,,14.0,,,,0.0,3,3,3,3
169,eejinp,1,2023-11-24 18:10:42,2023-12-04 07:55:09,255,0,69,vrouw,1,2,2.0,2.0,10.0,60.0,,52.0,0.0,0.0,1.0,,2,2,0,6
170,kfwsyo,0,2023-11-24 18:11:55,2024-01-09 11:44:11,1,0,58,vrouw,4,3,,,4.0,1.0,,2.0,,,,,2,2,3,1
171,bmicmf,0,2023-11-24 18:19:30,2023-12-05 08:05:51,1,0,41,man,4,3,,,20.0,77.0,,70.0,,,,,2,2,-2,7
172,oficjp,1,2023-11-24 18:21:16,2023-12-04 10:48:04,255,0,61,man,4,2,-1.0,1.0,20.0,50.0,,50.0,1.0,0.0,0.0,,1,1,3,8
173,xrqfdd,1,2023-11-24 18:22:50,2023-11-24 18:25:16,1,0,62,man,1,3,,,2.0,8.0,,7.0,,,,,2,2,0,1
174,dhdtik,0,2023-11-24 18:23:57,2023-12-08 07:40:36,1,0,66,vrouw,4,3,,,12.0,94.0,,96.0,,,,0.0,3,2,2,9
175,cftfsx,0,2023-11-24 18:29:11,2023-11-29 21:16:51,255,0,60,vrouw,3,3,3.0,1.0,6.0,79.0,,63.0,0.0,0.0,3.0,,3,3,2,12
177,lxbrfa,1,2023-11-24 18:37:19,2023-12-19 08:27:41,1,0,59,niet-binair/anders,1,3,,,16.0,26.0,,26.0,,,,,3,3,-3,11
178,mklbyo,0,2023-11-24 18:38:37,2023-12-05 14:24:02,255,0,58,man,2,3,3.0,2.0,18.0,69.0,,70.0,0.0,1.0,3.0,,3,3,0,8
179,zfdarg,0,2023-11-24 18:49:45,2023-12-06 20:17:12,255,0,29,man,4,3,3.0,1.0,14.0,65.0,,55.0,-2.0,0.0,-1.0,0.0,3,3,3,7
183,yittom,0,2023-11-24 19:05:34,2023-12-04 23:13:41,255,0,38,wil ik niet zeggen,5,2,3.0,2.0,16.0,98.0,,94.0,1.0,1.0,0.0,0.0,2,1,0,8
184,serwjg,1,2023-11-24 19:08:31,2023-11-26 13:58:07,1,0,39,vrouw,4,3,,,4.0,27.0,,28.0,,,,,2,3,2,3
185,cvukpx,1,2023-11-24 19:08:34,2023-11-25 08:37:34,1,0,66,vrouw,2,1,,,4.0,3.0,,3.0,,,,,0,-1,-2,2
186,sutnhw,0,2023-11-24 19:16:09,2023-12-04 11:59:12,255,0,24,man,4,3,3.0,1.0,18.0,64.0,,62.0,-2.0,1.0,2.0,0.0,3,3,-1,6
188,qdsfxx,1,2023-11-24 19:18:11,2023-11-26 17:53:03,1,0,60,vrouw,5,3,,,6.0,17.0,,18.0,,,,1.0,2,2,1,3
190,iyrpyx,0,2023-11-24 19:18:14,2023-12-09 08:09:31,255,0,48,man,4,3,3.0,3.0,10.0,69.0,,72.0,1.0,1.0,1.0,0.0,2,2,0,13
191,sxhvfq,0,2023-11-24 19:25:07,2023-12-04 20:23:45,255,0,50,man,3,1,3.0,2.0,10.0,63.0,,67.0,-1.0,1.0,0.0,,2,2,1,7
193,dupoak,1,2023-11-24 19:35:10,2023-12-04 11:18:46,255,0,29,man,3,2,2.0,1.0,14.0,57.0,,57.0,0.0,0.0,2.0,2.0,0,1,1,7
194,yoahlk,0,2023-11-24 19:35:28,2023-11-30 17:37:00,1,0,69,vrouw,1,2,,,6.0,63.0,,42.0,,,,,2,2,1,3
196,btlzow,1,2023-11-24 19:58:56,2023-12-02 10:41:01,255,0,60,vrouw,4,3,3.0,2.0,20.0,58.0,,60.0,1.0,0.0,2.0,,2,2,0,8
197,plkqbh,1,2023-11-24 20:00:38,2023-11-30 02:46:02,255,0,34,niet-binair/anders,3,3,2.0,1.0,22.0,55.0,,60.0,-2.0,0.0,0.0,54.0,3,2,2,6
200,ehaeth,1,2023-11-24 20:32:14,2023-12-08 10:19:04,1,0,59,man,3,2,,,6.0,5.0,,5.0,,,,,1,2,-1,2
201,ghtvyg,1,2023-11-24 20:34:36,2024-01-07 11:08:10,1,0,51,man,3,3,,,22.0,30.0,,34.0,,,,9.0,2,3,2,14
203,koqlga,0,2023-11-24 20:55:17,2023-11-24 20:55:17,1,0,62,vrouw,4,3,,,2.0,9.0,,9.0,,,,,3,3,1,1
204,hmkrew,1,2023-11-24 20:58:13,2023-12-07 17:58:48,255,0,49,man,3,2,1.0,1.0,14.0,56.0,,57.0,-1.0,0.0,1.0,,1,1,-1,11
205,tdncxg,1,2023-11-24 20:59:19,2023-12-06 16:32:39,255,0,54,vrouw,3,3,-1.0,-1.0,16.0,108.0,,89.0,-3.0,1.0,1.0,3.0,2,2,-3,9
207,grovkn,0,2023-11-24 21:02:34,2023-11-27 12:22:36,1,0,61,vrouw,4,2,,,6.0,30.0,,28.0,,,,0.0,3,2,1,3
208,jhivej,1,2023-11-24 21:05:03,2023-12-26 21:38:34,255,0,56,vrouw,5,3,1.0,-2.0,20.0,50.0,,56.0,1.0,0.0,-3.0,,2,1,1,10
210,kwegue,0,2023-11-24 21:20:39,2023-12-04 01:33:11,255,0,45,vrouw,5,2,2.0,1.0,18.0,52.0,,15.0,1.0,1.0,0.0,,2,3,2,1
211,lqzxql,0,2023-11-24 21:22:16,2023-12-05 00:25:30,255,0,35,man,4,1,1.0,1.0,22.0,50.0,,19.0,1.0,1.0,2.0,,1,1,2,2
212,gajsky,1,2023-11-24 21:23:55,2023-12-06 02:46:31,255,0,34,man,3,1,2.0,1.0,20.0,52.0,,25.0,-1.0,0.0,1.0,1.0,3,2,3,6
216,ezjynv,1,2023-11-24 21:55:38,2023-12-08 19:31:26,255,0,55,man,2,3,-1.0,2.0,4.0,86.0,,60.0,-2.0,1.0,0.0,,3,3,3,8
217,qrlfue,1,2023-11-24 22:00:55,2023-11-24 22:05:29,1,0,43,man,4,3,,,2.0,16.0,,16.0,,,,0.0,2,2,0,2
220,pqitut,1,2023-11-24 22:16:22,2023-12-22 22:01:36,255,0,43,vrouw,2,2,1.0,1.0,22.0,58.0,,62.0,3.0,1.0,0.0,21.0,2,2,0,10
221,jnmxct,1,2023-11-24 22:19:11,2023-11-24 22:28:52,255,0,56,man,4,2,3.0,3.0,2.0,75.0,,76.0,2.0,0.0,0.0,0.0,2,1,0,13
223,nfmvrw,0,2023-11-24 22:39:25,2023-11-24 22:39:25,1,0,64,vrouw,2,3,,,2.0,16.0,,15.0,,,,,2,2,0,1
225,xrrjva,1,2023-11-24 23:31:09,2023-12-07 10:41:02,255,0,27,man,5,2,-2.0,-1.0,12.0,79.0,,78.0,0.0,1.0,-1.0,,0,0,0,8
226,pxruvw,0,2023-11-24 23:31:57,2023-12-08 07:32:02,255,0,42,man,4,2,2.0,1.0,16.0,54.0,,54.0,-2.0,0.0,2.0,10.0,2,3,2,7
227,tcijuw,0,2023-11-24 23:32:18,2023-12-07 05:24:57,255,0,39,man,4,2,1.0,2.0,30.0,40.0,,15.0,1.0,0.0,2.0,,0,0,3,1
228,anoefm,1,2023-11-24 23:33:38,2023-12-07 00:53:09,255,0,50,man,5,1,0.0,2.0,20.0,52.0,,15.0,0.0,0.0,1.0,,2,2,3,1
229,vqqkbd,1,2023-11-24 23:34:26,2023-12-08 18:34:44,255,0,39,man,4,3,0.0,1.0,24.0,46.0,,15.0,0.0,1.0,0.0,,3,2,3,1
230,kshhrj,0,2023-11-24 23:35:03,2023-12-07 04:44:12,255,0,44,man,4,2,2.0,1.0,26.0,45.0,,16.0,0.0,0.0,1.0,,2,1,2,2
232,nyfhtw,1,2023-11-24 23:36:28,2023-12-05 01:20:14,255,0,28,man,5,1,0.0,0.0,18.0,57.0,,15.0,-1.0,0.0,0.0,,1,1,2,1
233,dczsop,1,2023-11-24 23:37:07,2023-12-08 15:57:16,255,0,29,man,3,1,2.0,1.0,26.0,44.0,,15.0,0.0,1.0,2.0,,1,1,1,1
234,ligjdm,0,2023-11-24 23:37:56,2023-12-07 02:22:07,255,0,29,man,5,2,1.0,0.0,24.0,46.0,,15.0,-3.0,0.0,0.0,,1,2,1,1
235,atpstr,0,2023-11-24 23:38:30,2023-12-06 04:03:09,255,0,24,man,3,1,2.0,2.0,22.0,48.0,,15.0,1.0,0.0,1.0,,2,1,2,1
236,cmasoq,1,2023-11-24 23:39:16,2023-12-07 01:36:24,255,0,48,man,3,1,0.0,0.0,22.0,48.0,,15.0,2.0,0.0,1.0,,2,2,3,1
237,ljnknj,1,2023-11-24 23:39:51,2023-12-05 01:04:38,255,0,25,man,4,1,1.0,2.0,16.0,54.0,,30.0,2.0,1.0,1.0,,2,1,2,2
238,jqexya,0,2023-11-24 23:40:39,2023-12-06 01:59:41,255,0,26,man,2,2,0.0,-1.0,18.0,52.0,,15.0,1.0,0.0,0.0,,2,2,1,1
240,nuksge,1,2023-11-24 23:41:58,2023-12-08 15:56:11,255,0,19,man,1,2,2.0,1.0,30.0,42.0,,15.0,0.0,0.0,1.0,,1,1,2,1
241,cxivgt,1,2023-11-24 23:44:56,2023-12-06 19:10:06,255,0,23,man,3,3,1.0,1.0,24.0,48.0,,15.0,1.0,0.0,1.0,,2,2,1,1
243,suwwsa,0,2023-11-24 23:46:04,2023-12-14 04:05:26,255,0,55,man,4,3,1.0,2.0,30.0,42.0,,15.0,2.0,1.0,1.0,,3,2,3,1
244,wkhhqh,1,2023-11-24 23:46:46,2023-12-05 04:09:18,255,0,26,vrouw,3,2,0.0,1.0,20.0,54.0,,31.0,2.0,0.0,1.0,,2,2,2,3
245,mokijv,1,2023-11-24 23:47:24,2023-12-06 04:22:26,255,0,45,man,3,3,1.0,2.0,20.0,69.0,,15.0,1.0,0.0,2.0,,3,2,2,1
246,bwddel,0,2023-11-24 23:48:16,2023-12-05 00:56:13,255,0,33,man,4,1,1.0,1.0,16.0,54.0,,21.0,1.0,0.0,0.0,,1,3,3,2
247,uqvccg,0,2023-11-24 23:49:05,2023-12-08 15:57:51,255,0,36,man,2,1,0.0,0.0,28.0,45.0,,15.0,0.0,0.0,0.0,,1,2,2,1
248,wohrqa,1,2023-11-24 23:50:11,2023-12-05 01:52:24,255,0,29,man,3,2,1.0,1.0,18.0,52.0,,15.0,1.0,1.0,2.0,,2,1,2,1
249,ewuhbn,1,2023-11-24 23:51:05,2023-12-07 01:40:18,255,0,41,man,4,2,2.0,2.0,20.0,52.0,,25.0,1.0,0.0,1.0,,2,3,1,2
251,eqrjxm,0,2023-11-25 05:30:49,2023-12-06 13:14:59,255,0,29,man,3,2,2.0,2.0,18.0,55.0,,58.0,-3.0,0.0,0.0,,2,2,1,8
254,oofhxr,0,2023-11-25 06:50:20,2023-11-30 15:08:55,1,0,65,vrouw,1,3,,,14.0,64.0,,64.0,,,,,2,1,-1,5
256,njewvm,1,2023-11-25 07:28:47,2023-12-04 13:14:21,255,0,62,man,2,2,0.0,2.0,8.0,77.0,,72.0,1.0,0.0,-1.0,,2,2,0,8
257,zjxjga,1,2023-11-25 08:28:10,2023-12-05 07:16:31,255,0,70,vrouw,2,2,3.0,1.0,12.0,162.0,,55.0,1.0,1.0,0.0,,0,1,-3,5
262,mpnwtc,0,2023-11-25 08:49:17,2023-12-08 16:08:07,255,0,56,man,3,1,1.0,1.0,28.0,42.0,,15.0,-1.0,1.0,1.0,,1,3,2,1
263,igiyrm,0,2023-11-25 08:50:23,2023-12-06 19:12:39,255,0,46,man,2,0,2.0,1.0,24.0,49.0,,15.0,0.0,0.0,2.0,,1,1,3,1
264,knlqua,1,2023-11-25 08:53:39,2023-12-08 15:57:04,255,0,52,man,4,3,1.0,1.0,28.0,44.0,,15.0,1.0,1.0,0.0,,3,3,3,1
265,vbutku,1,2023-11-25 08:55:37,2023-12-04 14:47:22,1,0,57,man,4,3,,,6.0,6.0,,6.0,,,,,3,3,0,2
266,rabfya,0,2023-11-25 08:56:15,2023-12-06 04:25:45,255,0,22,man,4,2,1.0,1.0,26.0,44.0,,15.0,1.0,0.0,1.0,,2,2,0,1
267,jtptzr,0,2023-11-25 08:57:31,2023-12-06 01:09:31,255,0,36,man,3,2,2.0,2.0,18.0,52.0,,31.0,1.0,0.0,1.0,,0,2,0,3
268,jxhvha,1,2023-11-25 08:59:15,2023-12-07 02:19:46,255,0,44,man,4,0,-2.0,-1.0,28.0,44.0,,15.0,1.0,0.0,0.0,,0,1,2,1
269,donulw,1,2023-11-25 09:02:49,2023-12-06 19:11:46,255,0,24,vrouw,2,2,1.0,1.0,22.0,51.0,,30.0,1.0,1.0,2.0,0.0,1,2,2,2
270,anphrp,0,2023-11-25 09:29:56,2023-12-05 08:17:51,1,0,67,vrouw,1,2,,,16.0,42.0,,46.0,,,,,1,2,1,11
271,xudknj,0,2023-11-27 15:26:58,2023-12-04 08:11:04,255,0,41,man,5,2,2.0,1.0,14.0,57.0,,62.0,1.0,0.0,-2.0,8.0,1,2,1,8
272,ggmszw,1,2023-11-27 15:28:11,2023-12-08 18:18:20,255,0,74,man,4,3,1.0,1.0,26.0,47.0,,50.0,-3.0,0.0,1.0,,3,3,1,11
273,kjqaeu,1,2023-11-27 15:28:58,2023-12-02 14:23:32,1,0,42,man,4,3,,,16.0,64.0,,39.0,,,,,3,3,0,5
274,mzmncw,0,2023-11-27 15:29:26,2023-12-14 10:47:57,255,0,22,vrouw,4,2,-1.0,0.0,6.0,71.0,,31.0,-1.0,0.0,-3.0,,2,2,2,7
276,yzbktn,1,2023-11-27 15:30:51,2023-12-07 22:33:46,1,0,77,vrouw,5,3,,,6.0,54.0,,39.0,,,,0.0,3,2,2,3
277,jgglnh,1,2023-11-27 15:32:22,2023-12-03 08:08:03,255,0,61,man,2,2,3.0,2.0,14.0,57.0,,57.0,-1.0,1.0,-1.0,,3,3,3,7
279,azubyo,0,2023-11-27 15:32:56,2023-12-04 13:44:00,255,0,38,vrouw,4,3,-1.0,2.0,14.0,95.0,,97.0,-2.0,1.0,-1.0,0.0,3,2,1,7
280,wqoycq,1,2023-11-27 15:33:31,2023-11-29 07:53:02,1,0,58,vrouw,3,1,,,4.0,37.0,,30.0,,,,,1,1,-3,2
283,zlfwpl,0,2023-11-27 15:44:25,2023-11-30 21:17:54,1,0,39,man,3,2,,,8.0,5.0,,5.0,,,,,1,1,1,3
284,ijwhvg,1,2023-11-27 15:45:35,2023-11-27 15:45:35,1,0,49,vrouw,4,3,,,2.0,4.0,,7.0,,,,,0,0,-3,1
285,suvumz,1,2023-11-27 15:49:08,2023-12-04 08:52:54,255,0,49,vrouw,3,-3,3.0,0.0,16.0,54.0,,53.0,0.0,1.0,1.0,,-3,0,0,7
286,ouhain,0,2023-11-27 15:50:15,2023-11-28 11:28:31,1,0,69,man,4,2,,,4.0,79.0,,76.0,,,,,2,2,1,13
287,qqffkl,0,2023-11-27 15:52:27,2023-11-30 08:06:45,1,0,66,vrouw,3,3,,,4.0,25.0,,28.0,,,,2.0,2,1,-2,4
288,yljkby,1,2023-11-27 15:53:54,2023-11-30 07:53:53,1,0,40,man,5,3,,,4.0,9.0,,9.0,,,,1.0,0,0,0,3
291,blauzm,0,2023-11-27 15:58:53,2023-12-07 12:40:01,255,0,68,man,1,2,2.0,2.0,16.0,70.0,,69.0,-3.0,0.0,1.0,,2,2,0,7
296,gjckto,1,2023-11-27 16:17:10,2023-12-04 07:28:09,1,0,52,man,4,3,,,10.0,11.0,,12.0,,,,,3,3,2,4
298,blyjaa,0,2023-11-27 16:20:23,2023-12-07 11:37:23,255,0,60,vrouw,5,2,1.0,1.0,12.0,58.0,,62.0,2.0,1.0,0.0,,2,2,0,7
299,yuauyg,0,2023-11-27 16:20:59,2023-12-06 06:07:49,255,0,25,man,4,3,2.0,2.0,10.0,66.0,,55.0,0.0,1.0,1.0,9.0,2,1,2,6
300,mqubxi,1,2023-11-27 16:24:49,2023-12-05 20:20:32,255,0,48,man,4,2,3.0,2.0,30.0,43.0,,44.0,1.0,1.0,1.0,8.0,2,2,1,9
303,sciiqg,0,2023-11-27 16:31:38,2023-12-04 11:53:16,255,0,65,vrouw,2,2,1.0,0.0,20.0,57.0,,53.0,0.0,1.0,2.0,,0,1,0,6
304,iyqkch,1,2023-11-27 16:43:17,2023-12-29 11:57:35,1,0,69,man,3,2,,,8.0,116.0,,65.0,,,,,2,2,-1,4
306,lelrad,0,2023-11-27 16:45:46,2023-12-04 18:26:35,255,0,27,man,5,2,2.0,1.0,28.0,56.0,,57.0,-1.0,1.0,-1.0,,1,2,2,7
310,rirism,0,2023-11-27 17:18:27,2023-12-11 12:25:50,1,0,59,vrouw,4,2,,,4.0,70.0,,78.0,,,,0.0,0,2,-2,10
311,hafydx,0,2023-11-27 17:19:58,2023-12-09 07:31:46,255,0,35,vrouw,5,2,-2.0,1.0,16.0,55.0,,56.0,-3.0,1.0,-3.0,,1,2,1,7
313,sskuvr,1,2023-11-27 17:44:18,2023-12-03 08:55:34,255,0,27,vrouw,3,0,-1.0,1.0,24.0,66.0,,69.0,-3.0,0.0,0.0,5.0,-1,1,-1,7
315,xaipbm,0,2023-11-27 17:51:37,2023-12-10 11:18:06,255,0,79,man,4,3,3.0,1.0,8.0,90.0,,133.0,-1.0,1.0,1.0,168.0,3,2,1,11
316,gsxhtz,1,2023-11-27 18:10:31,2023-12-08 18:25:53,1,0,60,man,4,2,,,14.0,47.0,,45.0,,,,,0,1,0,8
319,dxglnh,0,2023-11-27 18:28:52,2023-12-04 08:51:55,1,0,42,man,3,0,,,14.0,17.0,,17.0,,,,,-1,0,-1,7
320,ueoeel,1,2023-11-27 19:00:46,2023-12-21 14:24:24,255,0,31,man,5,2,1.0,0.0,8.0,70.0,,36.0,-1.0,1.0,-2.0,,3,3,2,6
321,prpahh,1,2023-11-27 19:19:43,2023-12-13 11:08:46,255,0,65,man,2,3,-1.0,2.0,28.0,46.0,,49.0,-1.0,1.0,-1.0,1.0,3,3,2,14
322,spugxu,0,2023-11-27 19:29:49,2023-12-03 10:26:11,255,0,64,vrouw,5,3,3.0,0.0,16.0,56.0,,38.0,-1.0,1.0,1.0,1.0,3,3,0,7
323,emxdxd,0,2023-11-27 20:50:59,2023-12-04 16:57:50,255,0,37,vrouw,4,3,1.0,1.0,12.0,64.0,,73.0,1.0,1.0,1.0,,3,2,3,8
325,oivdic,1,2023-11-27 21:51:21,2023-12-28 21:23:10,1,0,67,man,2,3,,,18.0,51.0,,51.0,,,,,3,3,2,9
327,jbfycq,0,2023-11-28 03:32:26,2023-12-19 02:37:13,255,0,46,vrouw,3,1,3.0,0.0,8.0,62.0,,64.0,0.0,0.0,-2.0,,-3,1,-3,22
328,wmtild,1,2023-11-28 07:13:14,2024-01-10 18:03:21,255,0,61,vrouw,2,2,1.0,1.0,14.0,59.0,,63.0,-3.0,1.0,1.0,,2,2,0,11
330,ovnapw,0,2023-11-28 09:41:39,2023-12-04 10:58:08,255,0,66,man,5,3,3.0,1.0,10.0,65.0,,64.0,1.0,0.0,1.0,,2,2,1,7
331,naoruw,0,2023-11-28 10:02:13,2023-12-05 19:00:09,255,0,29,man,3,1,3.0,-1.0,14.0,96.0,,68.0,1.0,1.0,-1.0,58.0,1,2,-1,8
332,anltjr,1,2023-11-28 11:10:19,2023-12-12 10:48:36,255,0,61,man,4,3,-2.0,-2.0,14.0,70.0,,70.0,-3.0,1.0,-3.0,,3,3,3,6
334,nydygn,0,2023-11-28 15:00:35,2023-12-10 20:50:15,255,0,23,man,3,2,3.0,0.0,16.0,54.0,,61.0,-2.0,1.0,-1.0,3.0,1,1,1,7
337,yfefqm,1,2023-11-28 15:02:25,2023-11-28 17:23:49,255,0,45,man,2,3,1.0,1.0,4.0,66.0,,62.0,-2.0,0.0,-2.0,,1,2,-2,10
338,plmbuv,0,2023-11-28 15:04:22,2023-12-04 07:34:24,255,0,42,vrouw,3,3,3.0,1.0,20.0,59.0,,58.0,-3.0,1.0,2.0,0.0,2,1,-3,6
339,vojbgb,0,2023-11-28 15:06:52,2023-12-19 20:28:09,255,0,55,man,3,3,3.0,0.0,8.0,65.0,,50.0,0.0,1.0,-3.0,,1,1,0,7
340,qxqoug,1,2023-11-28 15:09:41,2023-12-06 18:52:44,255,0,37,vrouw,4,3,3.0,2.0,12.0,58.0,,58.0,-2.0,1.0,3.0,0.0,1,1,1,7
344,kdmzke,1,2023-11-28 15:14:43,2023-11-28 15:14:43,1,0,61,man,5,2,,,2.0,8.0,,9.0,,,,,2,2,3,1
345,rturbh,1,2023-11-28 15:16:40,2023-12-08 13:56:01,255,0,27,man,3,2,1.0,-2.0,28.0,85.0,,86.0,-2.0,0.0,-3.0,10.0,1,2,-2,9
347,mojdpn,0,2023-11-28 15:30:56,2023-12-04 12:09:56,1,0,26,man,4,2,,,4.0,61.0,,24.0,,,,0.0,3,3,3,2
349,blbxjd,1,2023-11-28 15:33:49,2023-12-19 08:13:26,255,0,48,man,3,2,-3.0,-3.0,4.0,66.0,,67.0,3.0,0.0,-3.0,0.0,2,2,0,7
354,hzywmw,0,2023-11-28 16:42:38,2023-11-28 16:42:38,255,0,68,vrouw,3,3,3.0,3.0,2.0,70.0,,59.0,2.0,1.0,1.0,,3,3,1,11
355,wtdkoq,0,2023-11-28 16:52:27,2023-12-05 10:42:04,255,0,77,man,5,3,1.0,0.0,10.0,78.0,,77.0,-2.0,1.0,0.0,,3,2,3,8
356,oxugxs,1,2023-11-28 16:53:31,2023-12-12 11:11:04,1,0,54,vrouw,3,1,,,4.0,27.0,,29.0,,,,,1,1,-1,4
359,rbfzfb,0,2023-11-28 17:37:34,2023-12-10 10:39:20,1,0,47,vrouw,4,2,,,12.0,76.0,,48.0,,,,1.0,2,3,2,9
360,rggnuk,1,2023-11-28 17:39:45,2023-12-14 11:00:17,255,0,40,man,5,3,-1.0,2.0,26.0,83.0,,81.0,-1.0,1.0,2.0,0.0,2,3,2,11
363,bqbhgl,0,2023-11-28 18:50:00,2023-12-04 09:26:44,255,0,64,vrouw,3,1,-1.0,-1.0,24.0,64.0,,57.0,-2.0,0.0,-2.0,,1,1,-1,6
364,lygoze,1,2023-11-28 18:50:30,2023-12-09 08:51:35,255,0,62,man,4,2,1.0,2.0,14.0,88.0,,80.0,0.0,0.0,2.0,5.0,2,2,2,7
366,olpqlg,0,2023-11-28 19:13:37,2023-12-10 14:51:45,1,0,65,man,4,2,,,10.0,9.0,,11.0,,,,,2,1,-3,5
368,xwnano,1,2023-11-28 20:00:27,2023-12-06 10:13:59,255,0,37,man,4,3,1.0,2.0,10.0,73.0,,75.0,-3.0,1.0,-1.0,,2,2,1,7
369,fjdsci,1,2023-11-28 20:10:38,2023-12-14 16:25:41,255,0,59,vrouw,3,0,3.0,1.0,14.0,58.0,,58.0,-2.0,0.0,1.0,24.0,0,1,0,11
370,jvasla,0,2023-11-28 20:24:37,2023-12-04 23:00:36,255,0,59,man,3,3,3.0,1.0,16.0,83.0,,81.0,1.0,1.0,1.0,0.0,2,2,0,7
372,pzbmcb,1,2023-11-29 05:53:16,2023-11-29 18:44:20,1,0,54,man,2,3,,,4.0,11.0,,11.0,,,,0.0,3,3,2,1
373,axllyj,1,2023-11-29 05:54:32,2023-12-26 21:48:32,255,0,30,vrouw,3,2,2.0,2.0,24.0,70.0,,64.0,1.0,0.0,2.0,,2,1,0,11
375,xrttmd,0,2023-11-29 08:09:36,2023-11-30 09:37:25,1,0,60,vrouw,4,0,,,2.0,40.0,,41.0,,,,,0,2,0,6
376,hbimlt,1,2023-11-29 11:10:44,2023-12-02 13:29:15,1,0,68,vrouw,3,2,,,4.0,18.0,,17.0,,,,,1,1,-3,2
378,lxdxfg,0,2023-11-29 17:36:35,2023-11-29 17:41:05,1,0,18,niet-binair/anders,0,1,,,2.0,3.0,,4.0,,,,,2,1,1,2
379,pjypgk,0,2023-11-29 18:24:55,2023-12-05 05:49:09,255,0,60,man,4,2,1.0,1.0,22.0,48.0,,48.0,-2.0,1.0,1.0,22.0,1,1,1,7
383,hfcxfh,0,2023-12-03 22:38:33,2023-12-03 22:38:33,1,0,63,vrouw,4,1,,,2.0,60.0,,61.0,,,,,1,1,-2,16
384,wnxalb,1,2023-12-04 14:11:21,2023-12-13 01:02:48,1,0,22,man,3,2,,,26.0,39.0,,42.0,,,,,2,0,-1,8
